<?xml version="1.0" encoding="UTF-8" standalone="yes"?>
<addon id="plugin.video.dramacool" name="DramaMagic" version="3.2.1" provider-name="Jon">
    <requires>
        <import addon="script.module.beautifulsoup4"/>
        <import addon="script.module.peewee"/>
        <import addon="script.module.requests"/>
        <import addon="script.module.resolveurl"/>
        <import addon="script.module.xbmcext"/>
    </requires>
    <extension point="xbmc.python.pluginsource" library="dramacool/addon.py">
        <provides>video</provides>
    </extension>
    <extension point="xbmc.addon.metadata">
        <description lang="en_GB">Watch Asian Drama and Korean Show with English subtitles on DramaCool.</description>
        <platform>all</platform>
        <license>MIT License</license>
        <source>https://github.com/groggyegg/plugin.video.dramacool</source>
        <news>v3.2.2 (2023-07-09)
            - update episode name
        </news>
        <assets>
            <icon>resources/icon.png</icon>
            <fanart>resources/fanart.jpg</fanart>
        </assets>
    </extension>
</addon>
