<?xml version="1.0" encoding="UTF-8"?>
<addon
  id="inputstream.adaptive"
  version="20.3.1"
  name="InputStream Adaptive"
  provider-name="peak3d">
  <requires>@ADDON_DEPENDS@</requires>
  <extension
    point="kodi.inputstream"
    name="adaptive"
    extension=""
    tags="true"
    listitemprops="license_type|license_key|license_data|license_flags|manifest_type|server_certificate|stream_headers|manifest_update_parameter|original_audio_language|max_bandwidth|play_timeshift_buffer|pre_init_data|stream_selection_type|chooser_bandwidth_max|chooser_resolution_max|chooser_resolution_secure_max"
    library_@PLATFORM@="@LIBRARY_FILENAME@"/>
  <extension point="xbmc.addon.metadata">
    <platform>@PLATFORM@</platform>
	<license>GPL-2.0-or-later</license>
	<source>https://github.com/xbmc/inputstream.adaptive</source>
	<assets>
      <icon>icon.png</icon>
      <fanart>fanart.jpg</fanart>
    </assets>
    <summary lang="ca_ES">Client InputStream per a transmissions adaptatives</summary>
    <summary lang="da_DK">InputStream-klient til adaptive streams</summary>
    <summary lang="de_DE">InputStream-Client für adaptive Streams</summary>
    <summary lang="en_GB">InputStream client for adaptive streams</summary>
    <summary lang="es_ES">Cliente InputStream para flujo de datos adaptativos</summary>
    <summary lang="he_IL">לקוח InputStream לתזרימים מסתגלים</summary>
    <summary lang="hr_HR">InputStream klijent za adaptivne tokove</summary>
    <summary lang="hu_HU">InputStream kliens az adaptív streamekhez</summary>
    <summary lang="ko_KR">가변 스트림을 위한 InputStream 클라이언트</summary>
    <summary lang="pl_PL">Klient InputStream dla strumieni adaptacyjnych</summary>
    <summary lang="ru_RU">InputStream клиент для адаптивных трансляций</summary>
    <description lang="ca_ES">Client InputStream per a transmissions adaptatives</description>
    <description lang="da_DK">InputStream-klient til adaptive streams</description>
    <description lang="de_DE">InputStream-Client für adaptive Streams</description>
    <description lang="en_GB">InputStream client for adaptive streams. Common streaming protocols such as MPEG-DASH, HLS and Microsoft Smooth Streaming are supported.[CR][CR]The add-on also has support for DRM protected streams, such as Google Widevine, Microsoft PlayReady and others.[CR][CR]For documentation visit: https://github.com/xbmc/inputstream.adaptive</description>
    <description lang="es_ES">Cliente InputStream para flujo de datos adaptativos</description>
    <description lang="he_IL">לקוח InputStream לתזרימים מסתגלים</description>
    <description lang="hr_HR">InputStream klijent za adaptivne tokove</description>
    <description lang="hu_HU">InputStream kliens az adaptív streamekhez</description>
    <description lang="ko_KR">가변 스트림을 위한 InputStream 클라이언트</description>
    <description lang="pl_PL">Klient InputStream dla strumieni adaptacyjnych</description>
    <description lang="ru_RU">InputStream клиент для адаптивных трансляций</description>
  </extension>
</addon>
