<?xml version="1.0" encoding="UTF-8" standalone="yes"?>
<addon id="plugin.video.dramacool" name="DramaCool" version="3.2.11" provider-name="groggyegg">
    <requires>
        <import addon="script.module.beautifulsoup4"/>
        <import addon="script.module.peewee"/>
        <import addon="script.module.requests"/>
        <import addon="script.module.resolveurl"/>
        <import addon="script.module.xbmcext"/>
    </requires>
    <extension point="xbmc.python.pluginsource" library="dramacool/addon.py">
        <provides>video</provides>
    </extension>
    <extension point="xbmc.addon.metadata">
        <description lang="en_GB">Streaming through Kodi,\nShows flow seamless, ad-free peace,\nSilent nights with joy.</description>
        <platform>all</platform>
        <license>MIT License</license>
        <source>https://github.com/groggyegg/plugin.video.dramacool</source>
        <news>v3.2.11 (2024-06-06)
            - new route for tmdb helper
        </news>
        <assets>
            <icon>icon.png</icon>
            <fanart>fanart.jpg</fanart>
        </assets>
    </extension>
</addon>
