<?xml version="1.0" encoding="UTF-8"?>
<window>
    <include>Animation_DialogPopupOpenClose</include>
    <controls>
        <control type="group">
            <centertop>50%</centertop>
            <height>750</height>
            <centerleft>50%</centerleft>
            <width>1300</width>
            <!-- DialogBackgroundCommons -->
            <control type="group">
                <control type="image">
                    <left>-2000</left>
                    <top>-2000</top>
                    <width>6000</width>
                    <height>6000</height>
                    <animation effect="fade" time="300">VisibleChange</animation>
                    <animation effect="fade" start="0" end="100" time="300">WindowOpen</animation>
                    <animation effect="fade" start="100" end="0" time="200">WindowClose</animation>
                    <texture colordiffuse="80FFFFFF">colors/black.png</texture>
                </control>
                <control type="button">
                    <left>-2000</left>
                    <top>-2000</top>
                    <width>6000</width>
                    <height>6000</height>
                    <texturefocus/>
                    <texturenofocus/>
                    <onclick>Action(close)</onclick>
                </control>
                <control type="group">
                    <control type="image">
                        <left>0</left>
                        <top>0</top>
                        <right>0</right>
                        <bottom>0</bottom>
                        <texture colordiffuse="FF1A2123">colors/white.png</texture>
                    </control>
                    <control type="image">
                        <left>0</left>
                        <top>0</top>
                        <right>0</right>
                        <height>70</height>
                        <texture colordiffuse="FF12A0C7" border="2">colors/white70.png</texture>
                    </control>
                    <control type="label" id="1100">
                        <left>40</left>
                        <top>0</top>
                        <right>100</right>
                        <height>70</height>
                        <font>font32_title</font>
                        <label>$INFO[ListItem.Label]</label>
                        <aligny>center</aligny>
                        <shadowcolor>black</shadowcolor>
                    </control>
                    <control type="button">
                        <left>0</left>
                        <top>0</top>
                        <right>0</right>
                        <bottom>0</bottom>
                        <texturefocus/>
                        <texturenofocus/>
                        <onclick>noop</onclick>
                    </control>
                    <control type="radiobutton">
                        <right>10</right>
                        <top>11</top>
                        <width>48</width>
                        <height>48</height>
                        <radiowidth>48</radiowidth>
                        <radioheight>48</radioheight>
                        <texturefocus/>
                        <texturenofocus/>
                        <label/>
                        <textureradioofffocus colordiffuse="EEFFFFFF">dialogs/close.png</textureradioofffocus>
                        <textureradiooffnofocus colordiffuse="EEFFFFFF">special://xbmc/media/vendor_icon.png</textureradiooffnofocus>
                        <textureradioonfocus colordiffuse="EEFFFFFF">dialogs/close.png</textureradioonfocus>
                        <textureradioonnofocus colordiffuse="EEFFFFFF">special://xbmc/media/vendor_icon.png</textureradioonnofocus>
                        <onclick>Action(close)</onclick>
                        <visible>!Skin.HasSetting(touchmode)</visible>
                    </control>
                    <control type="button">
                        <right>10</right>
                        <top>11</top>
                        <width>48</width>
                        <height>48</height>
                        <texturefocus>dialogs/close.png</texturefocus>
                        <texturenofocus>dialogs/close.png</texturenofocus>
                        <onclick>Action(close)</onclick>
                        <visible>Skin.HasSetting(touchmode)</visible>
                    </control>
                </control>
            </control>
            <!-- Body -->
            <control type="group">
                <top>70</top>
                <height>680</height>
                <control type="group" id="1105">
                    <!-- Search -->
                    <control type="group">
                        <top>10</top>
                        <control type="image">
                            <width>1000</width>
                            <height>100</height>
                            <texture border="40">buttons/dialogbutton-nofo.png</texture>
                        </control>
                        <control type="edit" id="1140">
                            <ondown>1115</ondown>
                            <onright>1130</onright>
                            <width>1000</width>
                            <height>100</height>
                            <aligny>center</aligny>
                            <hinttext>$LOCALIZE[137]</hinttext>
                            <textoffsetx>30</textoffsetx>
                            <texturefocus>button-focus.png</texturefocus>
                            <texturenofocus>button-nofocus.png</texturenofocus>
                        </control>
                    </control>
                    <!-- Optional -->
                    <control type="group" id="1115">
                        <top>90</top>
                        <!-- Tab -->
                        <control type="group">
                            <control type="image">
                                <width>280</width>
                                <height>575</height>
                                <texture border="40">buttons/dialogbutton-nofo.png</texture>
                            </control>
                            <control type="list" id="1110">
                                <left>20</left>
                                <top>20</top>
                                <width>240</width>
                                <height>535</height>
                                <onright>1120</onright>
                                <onup>1140</onup>
                                <pagecontrol>1121</pagecontrol>
                                <scrolltime>200</scrolltime>
                                <itemlayout height="70" width="240">
                                    <control type="label">
                                        <left>10</left>
                                        <right>10</right>
                                        <aligny>center</aligny>
                                        <textcolor>grey</textcolor>
                                        <label>$INFO[ListItem.Label]</label>
                                    </control>
                                </itemlayout>
                                <focusedlayout height="70" width="240">
                                    <control type="image">
                                        <visible>Control.HasFocus(1110)</visible>
                                        <texture colordiffuse="FF12A0C7">lists/focus.png</texture>
                                    </control>
                                    <control type="label">
                                        <left>10</left>
                                        <right>10</right>
                                        <aligny>center</aligny>
                                        <label>$INFO[ListItem.Label]</label>
                                    </control>
                                </focusedlayout>
                            </control>
                        </control>
                        <!-- Content -->
                        <control type="group">
                            <left>280</left>
                            <control type="image">
                                <width>720</width>
                                <height>575</height>
                                <texture border="40">buttons/dialogbutton-nofo.png</texture>
                            </control>
                            <control type="list" id="1120">
                                <left>20</left>
                                <top>20</top>
                                <width>680</width>
                                <height>535</height>
                                <onleft>1110</onleft>
                                <onright>1121</onright>
                                <pagecontrol>1121</pagecontrol>
                                <scrolltime>200</scrolltime>
                                <itemlayout height="70" width="680">
                                    <control type="label">
                                        <left>10</left>
                                        <right>10</right>
                                        <aligny>center</aligny>
                                        <textcolor>grey</textcolor>
                                        <label>$INFO[ListItem.Label]</label>
                                    </control>
                                </itemlayout>
                                <focusedlayout height="70" width="680">
                                    <control type="image">
                                        <visible>Control.HasFocus(1120)</visible>
                                        <texture colordiffuse="FF12A0C7">lists/focus.png</texture>
                                    </control>
                                    <control type="label">
                                        <left>10</left>
                                        <right>10</right>
                                        <aligny>center</aligny>
                                        <label>$INFO[ListItem.Label]</label>
                                    </control>
                                </focusedlayout>
                            </control>
                            <control type="scrollbar" id="1121">
                                <left>710</left>
                                <top>21</top>
                                <width>12</width>
                                <height>523</height>
                                <onleft>1120</onleft>
                                <onright>1130</onright>
                                <orientation>vertical</orientation>
                                <texturesliderbackground colordiffuse="29FFFFFF">colors/white.png</texturesliderbackground>
                                <texturesliderbar colordiffuse="FFAAAAAA">colors/white.png</texturesliderbar>
                                <texturesliderbarfocus colordiffuse="FF12A0C7">colors/white.png</texturesliderbarfocus>
                                <showonepage>false</showonepage>
                                <orientation>vertical</orientation>
                            </control>
                        </control>
                    </control>
                </control>
                <!-- Button Group -->
                <control type="grouplist" id="1130">
                    <left>1000</left>
                    <top>10</top>
                    <orientation>vertical</orientation>
                    <onleft>1105</onleft>
                    <itemgap>-20</itemgap>
                    <control type="button" id="1131">
                        <width>300</width>
                        <height>100</height>
                        <label>$LOCALIZE[186]</label>
                        <font>font25_title</font>
                        <textoffsetx>20</textoffsetx>
                        <wrapmultiline>false</wrapmultiline>
                        <align>center</align>
                        <texturefocus border="40" colordiffuse="FF12A0C7">buttons/dialogbutton-fo.png</texturefocus>
                        <texturenofocus border="40">buttons/dialogbutton-nofo.png</texturenofocus>
                        <visible>true</visible>
                    </control>
                    <control type="button" id="1132">
                        <width>300</width>
                        <height>100</height>
                        <label>$LOCALIZE[192]</label>
                        <font>font25_title</font>
                        <textoffsetx>20</textoffsetx>
                        <wrapmultiline>false</wrapmultiline>
                        <align>center</align>
                        <texturefocus border="40" colordiffuse="FF12A0C7">buttons/dialogbutton-fo.png</texturefocus>
                        <texturenofocus border="40">buttons/dialogbutton-nofo.png</texturenofocus>
                        <visible>true</visible>
                    </control>
                    <control type="button" id="1133">
                        <width>300</width>
                        <height>100</height>
                        <label>$LOCALIZE[222]</label>
                        <font>font25_title</font>
                        <textoffsetx>20</textoffsetx>
                        <onclick>Action(close)</onclick>
                        <wrapmultiline>false</wrapmultiline>
                        <align>center</align>
                        <texturefocus border="40" colordiffuse="FF12A0C7">buttons/dialogbutton-fo.png</texturefocus>
                        <texturenofocus border="40">buttons/dialogbutton-nofo.png</texturenofocus>
                        <visible>true</visible>
                    </control>
                </control>
            </control>
        </control>
    </controls>
</window>
